Sample,1,2,3,4
CB-A ,1000,2000,3000,4000
CB-A ,1100,2100,3100,4100
CB-A ,21000,2200,3200,4200
CB-D ,11609.38318,57831171.91,70945988.85,69362173.49
CB-D ,8452.481555,57831171.91,284487843.9,149703410.5
CB-D ,7838.650678,280138854.5,35118845.84,207391203.1
Coculture,4096.068576,30550504.63,64893074.45,57831171.91
Coculture,5840.471823,47258156.26,291376045.7,77531355.66
Coculture,4666.666667,101379375.5,74236858.17,158989866.9
